City,Country,Latitude,Longitude,Recorded Time,Temperature C,Feels Like C,Humidity %,Precipitation mm,Rain mm,Cloud Cover %,Pressure hPa,Wind Speed kmh,Wind Direction,Weather Code
Chennai,India,13.08784,80.27847,2026-09-03T14:45,34.4,38.8,50.0,0.0,0.0,100.0,1004.0,5.8,112.0,3.0
Chennai,India,13.08784,80.27847,2026-09-03T15:15,33.6,37.7,55.0,0.0,0.0,99.0,1003.6,10.3,115.0,3.0
Chennai,India,13.08784,80.27847,2026-09-03T15:30,33.2,37.3,57.0,0.0,0.0,99.0,1003.5,11.7,119.0,3.0
Chennai,India,13.08784,80.27847,2026-09-03T15:45,32.8,36.9,59.0,0.1,0.1,99.0,1003.5,12.0,126.0,51.0
Chennai,India,13.08784,80.27847,2026-09-03T16:00,32.5,36.6,60.0,0.1,0.1,100.0,1003.6,12.1,137.0,51.0
Chennai,India,13.08784,80.27847,2026-09-03T16:15,32.2,36.3,61.0,0.1,0.1,100.0,1003.7,12.1,148.0,51.0
Chennai,India,13.08784,80.27847,2026-09-03T16:30,31.9,36.0,62.0,0.1,0.1,100.0,1003.8,12.2,156.0,51.0
Chennai,India,13.08784,80.27847,2026-09-04T10:45,34.6,40.6,48.0,0.0,0.0,66.0,1008.6,4.3,287.0,2.0
Chennai,India,13.08784,80.27847,2026-09-04T11:00,34.9,41.2,47.0,0.0,0.0,68.0,1008.5,3.6,297.0,2.0
Chennai,India,13.08784,80.27847,2026-09-04T11:15,35.2,41.8,46.0,0.0,0.0,70.0,1008.4,3.0,308.0,2.0
Chennai,India,13.08784,80.27847,2026-09-04T13:30,32.3,37.9,61.0,0.0,0.0,100.0,1006.2,2.9,227.0,3.0
Chennai,India,13.08784,80.27847,2026-09-04T13:45,32.4,38.1,61.0,0.0,0.0,99.0,1006.0,2.6,205.0,3.0
Chennai,India,13.08784,80.27847,2026-09-04T14:30,32.4,37.9,63.0,0.0,0.0,90.0,1005.5,5.1,144.0,3.0
Chennai,India,13.08784,80.27847,2026-09-05T11:15,33.3,40.3,57.0,0.0,0.0,37.0,1009.1,6.7,264.0,1.0
Chennai,India,13.08784,80.27847,2026-09-09T12:00,35.0,41.4,48.0,0.0,0.0,27.0,1007.2,6.0,21.0,1.0
Chennai,India,13.08784,80.27847,2026-09-09T13:30,35.5,41.9,48.0,0.0,0.0,75.0,1004.8,5.4,318.0,2.0
Chennai,India,13.08784,80.27847,2026-09-11T14:30,33.4,39.3,60.0,0.0,0.0,100.0,1002.6,2.5,150.0,3.0
Chennai,India,13.08784,80.27847,2026-09-11T19:30,29.2,36.0,89.0,0.0,0.0,98.0,1003.7,9.8,145.0,3.0
Chennai,India,13.08784,80.27847,2026-09-11T20:00,29.3,36.2,89.0,0.0,0.0,94.0,1004.0,9.8,152.0,3.0
Chennai,India,13.08784,80.27847,2026-09-11T21:00,29.3,36.0,89.0,0.0,0.0,92.0,1004.8,10.3,165.0,3.0
Chennai,India,13.08784,80.27847,2026-09-11T21:15,29.2,35.9,88.0,0.0,0.0,94.0,1005.0,10.5,168.0,3.0
Chennai,India,13.08784,80.27847,2026-09-11T21:30,29.2,35.8,88.0,0.0,0.0,95.0,1005.2,10.6,171.0,3.0
Chennai,India,13.08784,80.27847,2026-09-11T22:00,29.2,35.6,87.0,0.0,0.0,97.0,1005.5,10.6,177.0,3.0
Chennai,India,13.08784,80.27847,2026-09-11T23:15,29.0,35.5,89.0,0.0,0.0,100.0,1005.5,10.7,185.0,3.0
Chennai,India,13.08784,80.27847,2026-09-11T23:30,28.9,35.5,90.0,0.0,0.0,100.0,1005.4,10.5,186.0,3.0
Chennai,India,13.08784,80.27847,2026-09-13T12:30,32.4,39.2,63.0,0.0,0.0,99.0,1007.7,7.6,152.0,3.0
Delhi,India,28.65195,77.23149,2026-09-11T23:30,27.1,32.6,86.0,0.0,0.0,98.0,983.8,6.7,106.0,3.0
Dubai,United Arab Emirates,25.07725,55.30927,2026-09-11T22:00,32.3,40.6,78.0,0.0,0.0,0.0,1002.3,3.4,32.0,0.0
Madurai,India,9.919,78.11953,2026-09-11T23:30,28.7,33.4,74.0,0.0,0.0,99.0,993.0,6.7,336.0,3.0
Marthandam,India,8.30812,77.22144,2026-09-04T14:30,32.7,35.3,55.0,0.2,0.1,48.0,1002.9,21.3,278.0,53.0
Marthandam,India,8.30812,77.22144,2026-09-04T14:45,32.6,35.1,55.0,0.0,0.0,46.0,1002.9,20.4,282.0,1.0
Marthandam,India,8.30812,77.22144,2026-09-04T15:00,32.5,35.0,55.0,0.0,0.0,45.0,1003.0,19.2,287.0,1.0
Marthandam,India,8.30812,77.22144,2026-09-04T15:15,32.4,34.9,55.0,0.0,0.0,42.0,1003.1,18.2,293.0,1.0
Marthandam,India,8.30812,77.22144,2026-09-04T15:30,32.3,34.7,55.0,0.0,0.0,39.0,1003.1,18.0,297.0,1.0
Marthandam,India,8.30812,77.22144,2026-09-04T15:45,32.2,34.5,56.0,0.0,0.0,33.0,1003.0,18.2,296.0,1.0
Marthandam,India,8.30812,77.22144,2026-09-04T16:00,32.0,34.3,57.0,0.0,0.0,26.0,1002.9,18.9,292.0,1.0
Marthandam,India,8.30812,77.22144,2026-09-04T16:15,31.8,34.0,57.0,0.0,0.0,19.0,1002.8,19.8,289.0,0.0
Marthandam,India,8.30812,77.22144,2026-09-04T16:30,31.6,33.8,58.0,0.0,0.0,15.0,1002.8,20.3,287.0,0.0
Marthandam,India,8.30812,77.22144,2026-09-04T16:45,31.4,33.6,60.0,0.0,0.0,14.0,1002.8,20.1,287.0,0.0
Marthandam,India,8.30812,77.22144,2026-09-04T17:00,31.1,33.4,61.0,0.0,0.0,15.0,1002.9,19.8,287.0,0.0
Marthandam,India,8.30812,77.22144,2026-09-04T17:15,30.8,33.3,62.0,0.0,0.0,16.0,1002.9,19.2,289.0,0.0
Marthandam,India,8.30812,77.22144,2026-09-04T17:30,30.4,33.1,64.0,0.0,0.0,18.0,1003.1,18.7,291.0,0.0
Marthandam,India,8.30812,77.22144,2026-09-04T17:45,30.1,32.9,66.0,0.0,0.0,19.0,1003.3,18.1,292.0,0.0
Marthandam,India,8.30812,77.22144,2026-09-04T18:00,29.3,32.1,68.0,0.0,0.0,42.0,1003.5,17.7,294.0,1.0
Marthandam,India,8.30812,77.22144,2026-09-04T18:15,29.0,32.1,70.0,0.0,0.0,42.0,1003.7,16.5,292.0,1.0
Marthandam,India,8.30812,77.22144,2026-09-04T18:30,28.8,32.0,72.0,0.0,0.0,44.0,1004.0,16.0,294.0,1.0
Marthandam,India,8.30812,77.22144,2026-09-04T18:45,28.6,31.9,73.0,0.0,0.0,51.0,1004.3,15.2,296.0,2.0
Marthandam,India,8.30812,77.22144,2026-09-04T19:00,28.5,32.0,74.0,0.0,0.0,60.0,1004.6,14.5,298.0,2.0
Marthandam,India,8.30812,77.22144,2026-09-04T19:15,28.3,32.0,75.0,0.0,0.0,68.0,1004.9,13.8,301.0,2.0
Marthandam,India,8.30812,77.22144,2026-09-04T19:30,28.2,32.1,76.0,0.0,0.0,73.0,1005.1,13.2,302.0,2.0
Marthandam,India,8.30812,77.22144,2026-09-04T19:45,28.1,32.1,77.0,0.0,0.0,72.0,1005.3,12.7,303.0,2.0
Marthandam,India,8.30812,77.22144,2026-09-04T20:00,28.0,32.0,78.0,0.0,0.0,68.0,1005.5,12.4,304.0,2.0
Marthandam,India,8.30812,77.22144,2026-09-04T20:15,27.9,31.9,78.0,0.0,0.0,61.0,1005.6,12.3,305.0,2.0
Marthandam,India,8.30812,77.22144,2026-09-04T20:30,27.8,31.9,79.0,0.0,0.0,55.0,1005.8,12.0,306.0,2.0
Marthandam,India,8.30812,77.22144,2026-09-05T11:15,33.5,38.2,53.0,0.1,0.1,71.0,1006.1,15.9,288.0,51.0
Mumbai,India,19.07283,72.88261,2026-09-11T23:30,26.6,32.3,87.0,0.0,0.0,91.0,1008.4,4.6,315.0,3.0
Salem,India,11.65376,78.15538,2026-09-11T23:30,26.6,30.5,78.0,0.1,0.1,83.0,977.7,8.5,156.0,51.0
Saudi Arabia,Saudi Arabia,25.0,45.0,2026-09-11T21:00,35.7,31.8,11.0,0.0,0.0,22.0,925.0,13.4,54.0,1.0
