City,Country,Latitude,Longitude,Recorded Time,Temperature C,Feels Like C,Humidity %,Precipitation mm,Rain mm,Cloud Cover %,Pressure hPa,Wind Speed kmh,Wind Direction,Weather Code,Temperature Change,Humidity Change,Pressure Change,Wind Change,Cloud Change,Rain Change,Change Score,Change Level
Chennai,India,13.08784,80.27847,2026-09-03T14:45,34.4,38.8,50.0,0.0,0.0,100.0,1004.0,5.8,112.0,3.0,0,0,0,0,0,0,0,NORMAL
Chennai,India,13.08784,80.27847,2026-09-03T15:15,33.6,37.7,55.0,0.0,0.0,99.0,1003.6,10.3,115.0,3.0,-0.8,5.0,-0.4,4.5,-1.0,0.0,1,NORMAL
Chennai,India,13.08784,80.27847,2026-09-03T15:30,33.2,37.3,57.0,0.0,0.0,99.0,1003.5,11.7,119.0,3.0,-0.4,2.0,-0.1,1.4,0.0,0.0,0,NORMAL
Chennai,India,13.08784,80.27847,2026-09-03T15:45,32.8,36.9,59.0,0.1,0.1,99.0,1003.5,12.0,126.0,51.0,-0.4,2.0,0.0,0.3,0.0,0.1,1,NORMAL
Chennai,India,13.08784,80.27847,2026-09-03T16:00,32.5,36.6,60.0,0.1,0.1,100.0,1003.6,12.1,137.0,51.0,-0.3,1.0,0.1,0.1,1.0,0.0,0,NORMAL
Chennai,India,13.08784,80.27847,2026-09-03T16:15,32.2,36.3,61.0,0.1,0.1,100.0,1003.7,12.1,148.0,51.0,-0.3,1.0,0.1,0.0,0.0,0.0,0,NORMAL
Chennai,India,13.08784,80.27847,2026-09-03T16:30,31.9,36.0,62.0,0.1,0.1,100.0,1003.8,12.2,156.0,51.0,-0.3,1.0,0.1,0.1,0.0,0.0,0,NORMAL
Chennai,India,13.08784,80.27847,2026-09-04T10:45,34.6,40.6,48.0,0.0,0.0,66.0,1008.6,4.3,287.0,2.0,2.7,-14.0,4.8,-7.9,-34.0,-0.1,8,STRONG CHANGE
Chennai,India,13.08784,80.27847,2026-09-04T11:00,34.9,41.2,47.0,0.0,0.0,68.0,1008.5,3.6,297.0,2.0,0.3,-1.0,-0.1,-0.7,2.0,0.0,0,NORMAL
Chennai,India,13.08784,80.27847,2026-09-04T11:15,35.2,41.8,46.0,0.0,0.0,70.0,1008.4,3.0,308.0,2.0,0.3,-1.0,-0.1,-0.6,2.0,0.0,0,NORMAL
Chennai,India,13.08784,80.27847,2026-09-04T13:30,32.3,37.9,61.0,0.0,0.0,100.0,1006.2,2.9,227.0,3.0,-2.9,15.0,-2.2,-0.1,30.0,0.0,6,Early CHANCE
Chennai,India,13.08784,80.27847,2026-09-04T13:45,32.4,38.1,61.0,0.0,0.0,99.0,1006.0,2.6,205.0,3.0,0.1,0.0,-0.2,-0.3,-1.0,0.0,0,NORMAL
Chennai,India,13.08784,80.27847,2026-09-04T14:30,32.4,37.9,63.0,0.0,0.0,90.0,1005.5,5.1,144.0,3.0,0.0,2.0,-0.5,2.5,-9.0,0.0,0,NORMAL
Marthandam,India,8.30812,77.22144,2026-09-04T14:30,32.7,35.3,55.0,0.2,0.1,48.0,1002.9,21.3,278.0,53.0,0.3,-8.0,-2.6,16.2,-42.0,0.1,6,Early CHANCE
Marthandam,India,8.30812,77.22144,2026-09-04T14:45,32.6,35.1,55.0,0.0,0.0,46.0,1002.9,20.4,282.0,1.0,-0.1,0.0,0.0,-0.9,-2.0,-0.1,0,NORMAL
Marthandam,India,8.30812,77.22144,2026-09-04T15:00,32.5,35.0,55.0,0.0,0.0,45.0,1003.0,19.2,287.0,1.0,-0.1,0.0,0.1,-1.2,-1.0,0.0,0,NORMAL
Marthandam,India,8.30812,77.22144,2026-09-04T15:15,32.4,34.9,55.0,0.0,0.0,42.0,1003.1,18.2,293.0,1.0,-0.1,0.0,0.1,-1.0,-3.0,0.0,0,NORMAL
Marthandam,India,8.30812,77.22144,2026-09-04T15:30,32.3,34.7,55.0,0.0,0.0,39.0,1003.1,18.0,297.0,1.0,-0.1,0.0,0.0,-0.2,-3.0,0.0,0,NORMAL
Marthandam,India,8.30812,77.22144,2026-09-04T15:45,32.2,34.5,56.0,0.0,0.0,33.0,1003.0,18.2,296.0,1.0,-0.1,1.0,-0.1,0.2,-6.0,0.0,0,NORMAL
Marthandam,India,8.30812,77.22144,2026-09-04T16:00,32.0,34.3,57.0,0.0,0.0,26.0,1002.9,18.9,292.0,1.0,-0.2,1.0,-0.1,0.7,-7.0,0.0,0,NORMAL
Marthandam,India,8.30812,77.22144,2026-09-04T16:15,31.8,34.0,57.0,0.0,0.0,19.0,1002.8,19.8,289.0,0.0,-0.2,0.0,-0.1,0.9,-7.0,0.0,0,NORMAL
Marthandam,India,8.30812,77.22144,2026-09-04T16:30,31.6,33.8,58.0,0.0,0.0,15.0,1002.8,20.3,287.0,0.0,-0.2,1.0,0.0,0.5,-4.0,0.0,0,NORMAL
Marthandam,India,8.30812,77.22144,2026-09-04T16:45,31.4,33.6,60.0,0.0,0.0,14.0,1002.8,20.1,287.0,0.0,-0.2,2.0,0.0,-0.2,-1.0,0.0,0,NORMAL
Marthandam,India,8.30812,77.22144,2026-09-04T17:00,31.1,33.4,61.0,0.0,0.0,15.0,1002.9,19.8,287.0,0.0,-0.3,1.0,0.1,-0.3,1.0,0.0,0,NORMAL
Marthandam,India,8.30812,77.22144,2026-09-04T17:15,30.8,33.3,62.0,0.0,0.0,16.0,1002.9,19.2,289.0,0.0,-0.3,1.0,0.0,-0.6,1.0,0.0,0,NORMAL
Marthandam,India,8.30812,77.22144,2026-09-04T17:30,30.4,33.1,64.0,0.0,0.0,18.0,1003.1,18.7,291.0,0.0,-0.4,2.0,0.2,-0.5,2.0,0.0,0,NORMAL
Marthandam,India,8.30812,77.22144,2026-09-04T17:45,30.1,32.9,66.0,0.0,0.0,19.0,1003.3,18.1,292.0,0.0,-0.3,2.0,0.2,-0.6,1.0,0.0,0,NORMAL
Marthandam,India,8.30812,77.22144,2026-09-04T18:00,29.3,32.1,68.0,0.0,0.0,42.0,1003.5,17.7,294.0,1.0,-0.8,2.0,0.2,-0.4,23.0,0.0,1,NORMAL
Marthandam,India,8.30812,77.22144,2026-09-04T18:15,29.0,32.1,70.0,0.0,0.0,42.0,1003.7,16.5,292.0,1.0,-0.3,2.0,0.2,-1.2,0.0,0.0,0,NORMAL
Marthandam,India,8.30812,77.22144,2026-09-04T18:30,28.8,32.0,72.0,0.0,0.0,44.0,1004.0,16.0,294.0,1.0,-0.2,2.0,0.3,-0.5,2.0,0.0,0,NORMAL
Marthandam,India,8.30812,77.22144,2026-09-04T18:45,28.6,31.9,73.0,0.0,0.0,51.0,1004.3,15.2,296.0,2.0,-0.2,1.0,0.3,-0.8,7.0,0.0,0,NORMAL
Marthandam,India,8.30812,77.22144,2026-09-04T19:00,28.5,32.0,74.0,0.0,0.0,60.0,1004.6,14.5,298.0,2.0,-0.1,1.0,0.3,-0.7,9.0,0.0,0,NORMAL
Marthandam,India,8.30812,77.22144,2026-09-04T19:15,28.3,32.0,75.0,0.0,0.0,68.0,1004.9,13.8,301.0,2.0,-0.2,1.0,0.3,-0.7,8.0,0.0,0,NORMAL
Marthandam,India,8.30812,77.22144,2026-09-04T19:30,28.2,32.1,76.0,0.0,0.0,73.0,1005.1,13.2,302.0,2.0,-0.1,1.0,0.2,-0.6,5.0,0.0,0,NORMAL
Marthandam,India,8.30812,77.22144,2026-09-04T19:45,28.1,32.1,77.0,0.0,0.0,72.0,1005.3,12.7,303.0,2.0,-0.1,1.0,0.2,-0.5,-1.0,0.0,0,NORMAL
Marthandam,India,8.30812,77.22144,2026-09-04T20:00,28.0,32.0,78.0,0.0,0.0,68.0,1005.5,12.4,304.0,2.0,-0.1,1.0,0.2,-0.3,-4.0,0.0,0,NORMAL
Marthandam,India,8.30812,77.22144,2026-09-04T20:15,27.9,31.9,78.0,0.0,0.0,61.0,1005.6,12.3,305.0,2.0,-0.1,0.0,0.1,-0.1,-7.0,0.0,0,NORMAL
Marthandam,India,8.30812,77.22144,2026-09-04T20:30,27.8,31.9,79.0,0.0,0.0,55.0,1005.8,12.0,306.0,2.0,-0.1,1.0,0.2,-0.3,-6.0,0.0,0,NORMAL
Chennai,India,13.08784,80.27847,2026-09-05T11:15,33.3,40.3,57.0,0.0,0.0,37.0,1009.1,6.7,264.0,1.0,5.5,-22.0,3.3,-5.3,-18.0,0.0,8,STRONG CHANGE
Marthandam,India,8.30812,77.22144,2026-09-05T11:15,33.5,38.2,53.0,0.1,0.1,71.0,1006.1,15.9,288.0,51.0,0.2,-4.0,-3.0,9.2,34.0,0.1,5,Early CHANCE
